diseases,Indicator_data,CASE_ID,First Tooltip,range_low,range_high
Stroke,Ambient and household air pollution attributable death rate (per 100 000 population),"Afghanistan,2016,Both sexes",15.75,13.48,18.04
Stroke,Ambient and household air pollution attributable death rate (per 100 000 population),"Afghanistan,2016,Male",14.02,11.94,16.23
Stroke,Ambient and household air pollution attributable death rate (per 100 000 population),"Afghanistan,2016,Female",17.6,15.08,20.16
Stroke,Ambient and household air pollution attributable death rate (per 100 000 population),"Albania,2016,Both sexes",30.83,18,47.78
Stroke,Ambient and household air pollution attributable death rate (per 100 000 population),"Albania,2016,Male",30.84,18.51,47.34
Stroke,Ambient and household air pollution attributable death rate (per 100 000 population),"Albania,2016,Female",30.83,17.72,48.24
Stroke,Ambient and household air pollution attributable death rate (per 100 000 population),"Algeria,2016,Both sexes",6.6,4.5,11.68
Stroke,Ambient and household air pollution attributable death rate (per 100 000 population),"Algeria,2016,Male",6.52,4.55,11.23
Stroke,Ambient and household air pollution attributable death rate (per 100 000 population),"Algeria,2016,Female",6.69,4.47,12.13
Stroke,Ambient and household air pollution attributable death rate (per 100 000 population),"Angola,2016,Both sexes",7.61,6.28,9.04
Stroke,Ambient and household air pollution attributable death rate (per 100 000 population),"Angola,2016,Male",6.44,5.34,7.61
Stroke,Ambient and household air pollution attributable death rate (per 100 000 population),"Angola,2016,Female",8.73,7.18,10.37
Stroke,Ambient and household air pollution attributable death rate (per 100 000 population),"Antigua and Barbuda,2016,Both sexes",6.26,4.49,8.97
Stroke,Ambient and household air pollution attributable death rate (per 100 000 population),"Antigua and Barbuda,2016,Male",5.53,4,7.74
Stroke,Ambient and household air pollution attributable death rate (per 100 000 population),"Antigua and Barbuda,2016,Female",6.93,4.84,10.09
Stroke,Ambient and household air pollution attributable death rate (per 100 000 population),"Argentina,2016,Both sexes",4.55,3.02,7.7
Stroke,Ambient and household air pollution attributable death rate (per 100 000 population),"Argentina,2016,Male",4.68,3.26,7.13
Stroke,Ambient and household air pollution attributable death rate (per 100 000 population),"Argentina,2016,Female",4.43,2.66,8.27
Stroke,Ambient and household air pollution attributable death rate (per 100 000 population),"Armenia,2016,Both sexes",10.12,7.09,14.8
Stroke,Ambient and household air pollution attributable death rate (per 100 000 population),"Armenia,2016,Male",10.02,7.47,13.64
Stroke,Ambient and household air pollution attributable death rate (per 100 000 population),"Armenia,2016,Female",10.21,6.66,15.95
Stroke,Ambient and household air pollution attributable death rate (per 100 000 population),"Australia,2016,Both sexes",2.85,1.08,7.8
Stroke,Ambient and household air pollution attributable death rate (per 100 000 population),"Australia,2016,Male",2.32,1.04,5.74
Stroke,Ambient and household air pollution attributable death rate (per 100 000 population),"Australia,2016,Female",3.38,1.1,9.81
Stroke,Ambient and household air pollution attributable death rate (per 100 000 population),"Austria,2016,Both sexes",4.64,2.19,10.02
Stroke,Ambient and household air pollution attributable death rate (per 100 000 population),"Austria,2016,Male",3.87,2.14,7.55
Stroke,Ambient and household air pollution attributable death rate (per 100 000 population),"Austria,2016,Female",5.38,2.26,12.47
Stroke,Ambient and household air pollution attributable death rate (per 100 000 population),"Azerbaijan,2016,Both sexes",9.25,6.43,13.24
Stroke,Ambient and household air pollution attributable death rate (per 100 000 population),"Azerbaijan,2016,Male",8.93,6.37,12.44
Stroke,Ambient and household air pollution attributable death rate (per 100 000 population),"Azerbaijan,2016,Female",9.57,6.37,14.01
Stroke,Ambient and household air pollution attributable death rate (per 100 000 population),"Bahamas,2016,Both sexes",4.89,3.5,7.22
Stroke,Ambient and household air pollution attributable death rate (per 100 000 population),"Bahamas,2016,Male",4.86,3.63,6.56
Stroke,Ambient and household air pollution attributable death rate (per 100 000 population),"Bahamas,2016,Female",4.91,3.28,7.88
Stroke,Ambient and household air pollution attributable death rate (per 100 000 population),"Bahrain,2016,Both sexes",1.5,1.26,1.77
Stroke,Ambient and household air pollution attributable death rate (per 100 000 population),"Bahrain,2016,Male",1.34,1.15,1.56
Stroke,Ambient and household air pollution attributable death rate (per 100 000 population),"Bahrain,2016,Female",1.75,1.44,2.12
Stroke,Ambient and household air pollution attributable death rate (per 100 000 population),"Bangladesh,2016,Both sexes",28.5,24.5,32.58
Stroke,Ambient and household air pollution attributable death rate (per 100 000 population),"Bangladesh,2016,Male",27.28,23.47,31.39
Stroke,Ambient and household air pollution attributable death rate (per 100 000 population),"Bangladesh,2016,Female",29.75,25.53,34.13
Stroke,Ambient and household air pollution attributable death rate (per 100 000 population),"Barbados,2016,Both sexes",13.36,8.83,20.87
Stroke,Ambient and household air pollution attributable death rate (per 100 000 population),"Barbados,2016,Male",13.35,9.59,18.84
Stroke,Ambient and household air pollution attributable death rate (per 100 000 population),"Barbados,2016,Female",13.37,7.89,22.94
Stroke,Ambient and household air pollution attributable death rate (per 100 000 population),"Belarus,2016,Both sexes",16.99,11.78,25.61
Stroke,Ambient and household air pollution attributable death rate (per 100 000 population),"Belarus,2016,Male",16.23,12.07,22.1
Stroke,Ambient and household air pollution attributable death rate (per 100 000 population),"Belarus,2016,Female",17.64,10.87,29.44
Stroke,Ambient and household air pollution attributable death rate (per 100 000 population),"Belgium,2016,Both sexes",5.54,2.58,11.97
Stroke,Ambient and household air pollution attributable death rate (per 100 000 population),"Belgium,2016,Male",4.61,2.55,8.91
Stroke,Ambient and household air pollution attributable death rate (per 100 000 population),"Belgium,2016,Female",6.44,2.65,15
Stroke,Ambient and household air pollution attributable death rate (per 100 000 population),"Belize,2016,Both sexes",6.03,4.55,7.74
Stroke,Ambient and household air pollution attributable death rate (per 100 000 population),"Belize,2016,Male",6.73,5.07,8.53
Stroke,Ambient and household air pollution attributable death rate (per 100 000 population),"Belize,2016,Female",5.34,3.91,6.99
Stroke,Ambient and household air pollution attributable death rate (per 100 000 population),"Benin,2016,Both sexes",17.74,15.44,20.04
Stroke,Ambient and household air pollution attributable death rate (per 100 000 population),"Benin,2016,Male",15.13,13.2,17.11
Stroke,Ambient and household air pollution attributable death rate (per 100 000 population),"Benin,2016,Female",20.34,17.45,23.19
Stroke,Ambient and household air pollution attributable death rate (per 100 000 population),"Bhutan,2016,Both sexes",13.5,9.64,17.07
Stroke,Ambient and household air pollution attributable death rate (per 100 000 population),"Bhutan,2016,Male",12.29,8.9,15.69
Stroke,Ambient and household air pollution attributable death rate (per 100 000 population),"Bhutan,2016,Female",14.87,10.47,18.78
Stroke,Ambient and household air pollution attributable death rate (per 100 000 population),"Bolivia (Plurinational State of),2016,Both sexes",8.39,6.67,10.54
Stroke,Ambient and household air pollution attributable death rate (per 100 000 population),"Bolivia (Plurinational State of),2016,Male",8.28,6.59,10.34
Stroke,Ambient and household air pollution attributable death rate (per 100 000 population),"Bolivia (Plurinational State of),2016,Female",8.5,6.7,10.7
Stroke,Ambient and household air pollution attributable death rate (per 100 000 population),"Bosnia and Herzegovina,2016,Both sexes",42.39,28.11,58.63
Stroke,Ambient and household air pollution attributable death rate (per 100 000 population),"Bosnia and Herzegovina,2016,Male",37.14,25.23,51.04
Stroke,Ambient and household air pollution attributable death rate (per 100 000 population),"Bosnia and Herzegovina,2016,Female",47.44,31.12,66.01
Stroke,Ambient and household air pollution attributable death rate (per 100 000 population),"Botswana,2016,Both sexes",9.63,7.39,12.12
Stroke,Ambient and household air pollution attributable death rate (per 100 000 population),"Botswana,2016,Male",8.27,6.38,10.4
Stroke,Ambient and household air pollution attributable death rate (per 100 000 population),"Botswana,2016,Female",10.95,8.32,14
Stroke,Ambient and household air pollution attributable death rate (per 100 000 population),"Brazil,2016,Both sexes",5.71,3.93,8.71
Stroke,Ambient and household air pollution attributable death rate (per 100 000 population),"Brazil,2016,Male",5.9,4.22,8.65
Stroke,Ambient and household air pollution attributable death rate (per 100 000 population),"Brazil,2016,Female",5.52,3.67,8.94
Stroke,Ambient and household air pollution attributable death rate (per 100 000 population),"Brunei Darussalam,2016,Both sexes",1.74,1.04,2.96
Stroke,Ambient and household air pollution attributable death rate (per 100 000 population),"Brunei Darussalam,2016,Male",1.62,1,2.61
Stroke,Ambient and household air pollution attributable death rate (per 100 000 population),"Brunei Darussalam,2016,Female",1.86,1.08,3.35
Stroke,Ambient and household air pollution attributable death rate (per 100 000 population),"Bulgaria,2016,Both sexes",36.78,21.99,64.66
Stroke,Ambient and household air pollution attributable death rate (per 100 000 population),"Bulgaria,2016,Male",35.31,22.78,57.87
Stroke,Ambient and household air pollution attributable death rate (per 100 000 population),"Bulgaria,2016,Female",38.17,20.67,71.94
Stroke,Ambient and household air pollution attributable death rate (per 100 000 population),"Burkina Faso,2016,Both sexes",11.09,9.67,12.56
Stroke,Ambient and household air pollution attributable death rate (per 100 000 population),"Burkina Faso,2016,Male",9.06,7.8,10.33
Stroke,Ambient and household air pollution attributable death rate (per 100 000 population),"Burkina Faso,2016,Female",13.11,11.42,14.84
Stroke,Ambient and household air pollution attributable death rate (per 100 000 population),"Burundi,2016,Both sexes",14.43,12.7,16.24
Stroke,Ambient and household air pollution attributable death rate (per 100 000 population),"Burundi,2016,Male",12.84,11.22,14.53
Stroke,Ambient and household air pollution attributable death rate (per 100 000 population),"Burundi,2016,Female",15.97,14,17.92
Stroke,Ambient and household air pollution attributable death rate (per 100 000 population),"Cabo Verde,2016,Both sexes",10.92,8.1,15.77
Stroke,Ambient and household air pollution attributable death rate (per 100 000 population),"Cabo Verde,2016,Male",9.96,7.49,14.17
Stroke,Ambient and household air pollution attributable death rate (per 100 000 population),"Cabo Verde,2016,Female",11.87,8.62,17.34
Stroke,Ambient and household air pollution attributable death rate (per 100 000 population),"Cambodia,2016,Both sexes",24.92,21.07,28.74
Stroke,Ambient and household air pollution attributable death rate (per 100 000 population),"Cambodia,2016,Male",18.3,15.33,21.13
Stroke,Ambient and household air pollution attributable death rate (per 100 000 population),"Cambodia,2016,Female",31.24,26.47,36.24
Stroke,Ambient and household air pollution attributable death rate (per 100 000 population),"Cameroon,2016,Both sexes",16.59,14.41,19.04
Stroke,Ambient and household air pollution attributable death rate (per 100 000 population),"Cameroon,2016,Male",15.21,13.17,17.53
Stroke,Ambient and household air pollution attributable death rate (per 100 000 population),"Cameroon,2016,Female",17.99,15.49,20.77
Stroke,Ambient and household air pollution attributable death rate (per 100 000 population),"Canada,2016,Both sexes",1.93,0.74,5.39
Stroke,Ambient and household air pollution attributable death rate (per 100 000 population),"Canada,2016,Male",1.66,0.75,4.12
Stroke,Ambient and household air pollution attributable death rate (per 100 000 population),"Canada,2016,Female",2.2,0.72,6.62
Stroke,Ambient and household air pollution attributable death rate (per 100 000 population),"Central African Republic,2016,Both sexes",23.88,20.91,26.94
Stroke,Ambient and household air pollution attributable death rate (per 100 000 population),"Central African Republic,2016,Male",20.55,17.88,23.36
Stroke,Ambient and household air pollution attributable death rate (per 100 000 population),"Central African Republic,2016,Female",27.13,23.64,30.77
Stroke,Ambient and household air pollution attributable death rate (per 100 000 population),"Chad,2016,Both sexes",17.23,15.35,19.22
Stroke,Ambient and household air pollution attributable death rate (per 100 000 population),"Chad,2016,Male",15.43,13.64,17.36
Stroke,Ambient and household air pollution attributable death rate (per 100 000 population),"Chad,2016,Female",19.03,16.86,21.29
Stroke,Ambient and household air pollution attributable death rate (per 100 000 population),"Chile,2016,Both sexes",7.17,4.73,11.12
Stroke,Ambient and household air pollution attributable death rate (per 100 000 population),"Chile,2016,Male",7.16,5,10.42
Stroke,Ambient and household air pollution attributable death rate (per 100 000 population),"Chile,2016,Female",7.19,4.5,11.83
Stroke,Ambient and household air pollution attributable death rate (per 100 000 population),"China,2016,Both sexes",38.92,28.54,50.48
Stroke,Ambient and household air pollution attributable death rate (per 100 000 population),"China,2016,Male",39.36,29.05,51.18
Stroke,Ambient and household air pollution attributable death rate (per 100 000 population),"China,2016,Female",38.46,28.04,50.11
Stroke,Ambient and household air pollution attributable death rate (per 100 000 population),"Colombia,2016,Both sexes",5.26,3.75,7.3
Stroke,Ambient and household air pollution attributable death rate (per 100 000 population),"Colombia,2016,Male",5.14,3.72,6.94
Stroke,Ambient and household air pollution attributable death rate (per 100 000 population),"Colombia,2016,Female",5.38,3.74,7.72
Stroke,Ambient and household air pollution attributable death rate (per 100 000 population),"Comoros,2016,Both sexes",12.94,11.16,14.87
Stroke,Ambient and household air pollution attributable death rate (per 100 000 population),"Comoros,2016,Male",12.4,10.66,14.31
Stroke,Ambient and household air pollution attributable death rate (per 100 000 population),"Comoros,2016,Female",13.48,11.63,15.44
Stroke,Ambient and household air pollution attributable death rate (per 100 000 population),"Congo,2016,Both sexes",12.5,10.65,14.54
Stroke,Ambient and household air pollution attributable death rate (per 100 000 population),"Congo,2016,Male",9.4,7.88,11
Stroke,Ambient and household air pollution attributable death rate (per 100 000 population),"Congo,2016,Female",15.61,13.17,18.16
Stroke,Ambient and household air pollution attributable death rate (per 100 000 population),"Costa Rica,2016,Both sexes",4.17,2.71,6.61
Stroke,Ambient and household air pollution attributable death rate (per 100 000 population),"Costa Rica,2016,Male",4.05,2.76,6.12
Stroke,Ambient and household air pollution attributable death rate (per 100 000 population),"Costa Rica,2016,Female",4.3,2.68,7.1
Stroke,Ambient and household air pollution attributable death rate (per 100 000 population),"Côte d’Ivoire,2016,Both sexes",23.36,20.1,26.43
Stroke,Ambient and household air pollution attributable death rate (per 100 000 population),"Côte d’Ivoire,2016,Male",22.45,19.1,25.79
Stroke,Ambient and household air pollution attributable death rate (per 100 000 population),"Côte d’Ivoire,2016,Female",24.3,20.96,27.61
Stroke,Ambient and household air pollution attributable death rate (per 100 000 population),"Croatia,2016,Both sexes",18.47,10.54,32.66
Stroke,Ambient and household air pollution attributable death rate (per 100 000 population),"Croatia,2016,Male",16.26,10.24,26.34
Stroke,Ambient and household air pollution attributable death rate (per 100 000 population),"Croatia,2016,Female",20.53,10.85,38.08
Stroke,Ambient and household air pollution attributable death rate (per 100 000 population),"Cuba,2016,Both sexes",13.15,6.59,25.96
Stroke,Ambient and household air pollution attributable death rate (per 100 000 population),"Cuba,2016,Male",13.27,7.01,25.87
Stroke,Ambient and household air pollution attributable death rate (per 100 000 population),"Cuba,2016,Female",13.03,6.16,26.49
Stroke,Ambient and household air pollution attributable death rate (per 100 000 population),"Cyprus,2016,Both sexes",4.75,2.43,9.28
Stroke,Ambient and household air pollution attributable death rate (per 100 000 population),"Cyprus,2016,Male",4.18,2.42,7.4
Stroke,Ambient and household air pollution attributable death rate (per 100 000 population),"Cyprus,2016,Female",5.31,2.44,11.18
Stroke,Ambient and household air pollution attributable death rate (per 100 000 population),"Czechia,2016,Both sexes",8.59,4.8,15.98
Stroke,Ambient and household air pollution attributable death rate (per 100 000 population),"Czechia,2016,Male",7.66,4.89,12.48
Stroke,Ambient and household air pollution attributable death rate (per 100 000 population),"Czechia,2016,Female",9.49,4.58,19.52
Stroke,Ambient and household air pollution attributable death rate (per 100 000 population),"Democratic People's Republic of Korea,2016,Both sexes",65.44,53.25,76.47
Stroke,Ambient and household air pollution attributable death rate (per 100 000 population),"Democratic People's Republic of Korea,2016,Male",73.94,59.35,87.89
Stroke,Ambient and household air pollution attributable death rate (per 100 000 population),"Democratic People's Republic of Korea,2016,Female",57.29,45.5,68.97
Stroke,Ambient and household air pollution attributable death rate (per 100 000 population),"Democratic Republic of the Congo,2016,Both sexes",14.37,12.43,16.36
Stroke,Ambient and household air pollution attributable death rate (per 100 000 population),"Democratic Republic of the Congo,2016,Male",11.53,9.98,13.25
Stroke,Ambient and household air pollution attributable death rate (per 100 000 population),"Democratic Republic of the Congo,2016,Female",17.2,14.77,19.58
Stroke,Ambient and household air pollution attributable death rate (per 100 000 population),"Denmark,2016,Both sexes",4.76,2.27,10.48
Stroke,Ambient and household air pollution attributable death rate (per 100 000 population),"Denmark,2016,Male",4.34,2.4,8.57
Stroke,Ambient and household air pollution attributable death rate (per 100 000 population),"Denmark,2016,Female",5.19,2.13,12.53
Stroke,Ambient and household air pollution attributable death rate (per 100 000 population),"Djibouti,2016,Both sexes",16.42,14.07,18.77
Stroke,Ambient and household air pollution attributable death rate (per 100 000 population),"Djibouti,2016,Male",16.02,13.66,18.39
Stroke,Ambient and household air pollution attributable death rate (per 100 000 population),"Djibouti,2016,Female",16.83,14.28,19.32
Stroke,Ambient and household air pollution attributable death rate (per 100 000 population),"Dominican Republic,2016,Both sexes",7.78,5.66,10.6
Stroke,Ambient and household air pollution attributable death rate (per 100 000 population),"Dominican Republic,2016,Male",8.49,6.3,11.3
Stroke,Ambient and household air pollution attributable death rate (per 100 000 population),"Dominican Republic,2016,Female",7.07,5,9.76
Stroke,Ambient and household air pollution attributable death rate (per 100 000 population),"Ecuador,2016,Both sexes",3.86,2.59,6.02
Stroke,Ambient and household air pollution attributable death rate (per 100 000 population),"Ecuador,2016,Male",3.9,2.7,5.87
Stroke,Ambient and household air pollution attributable death rate (per 100 000 population),"Ecuador,2016,Female",3.83,2.46,6.2
Stroke,Ambient and household air pollution attributable death rate (per 100 000 population),"Egypt,2016,Both sexes",12.95,10.55,16.47
Stroke,Ambient and household air pollution attributable death rate (per 100 000 population),"Egypt,2016,Male",12.36,10.23,15.52
Stroke,Ambient and household air pollution attributable death rate (per 100 000 population),"Egypt,2016,Female",13.56,10.83,17.45
Stroke,Ambient and household air pollution attributable death rate (per 100 000 population),"El Salvador,2016,Both sexes",3.87,2.78,5.17
Stroke,Ambient and household air pollution attributable death rate (per 100 000 population),"El Salvador,2016,Male",4.02,2.91,5.28
Stroke,Ambient and household air pollution attributable death rate (per 100 000 population),"El Salvador,2016,Female",3.74,2.65,5.05
Stroke,Ambient and household air pollution attributable death rate (per 100 000 population),"Equatorial Guinea,2016,Both sexes",11.83,8.39,15.06
Stroke,Ambient and household air pollution attributable death rate (per 100 000 population),"Equatorial Guinea,2016,Male",10.72,7.68,13.62
Stroke,Ambient and household air pollution attributable death rate (per 100 000 population),"Equatorial Guinea,2016,Female",13.21,9.18,16.9
Stroke,Ambient and household air pollution attributable death rate (per 100 000 population),"Eritrea,2016,Both sexes",18.13,15.1,21.19
Stroke,Ambient and household air pollution attributable death rate (per 100 000 population),"Eritrea,2016,Male",16.64,13.81,19.56
Stroke,Ambient and household air pollution attributable death rate (per 100 000 population),"Eritrea,2016,Female",19.63,16.33,23.08
Stroke,Ambient and household air pollution attributable death rate (per 100 000 population),"Estonia,2016,Both sexes",6.2,2.87,13.22
Stroke,Ambient and household air pollution attributable death rate (per 100 000 population),"Estonia,2016,Male",5.15,2.79,9.36
Stroke,Ambient and household air pollution attributable death rate (per 100 000 population),"Estonia,2016,Female",7.12,2.92,16.61
Stroke,Ambient and household air pollution attributable death rate (per 100 000 population),"Eswatini,2016,Both sexes",10.93,8.73,13.24
Stroke,Ambient and household air pollution attributable death rate (per 100 000 population),"Eswatini,2016,Male",8.78,6.98,10.61
Stroke,Ambient and household air pollution attributable death rate (per 100 000 population),"Eswatini,2016,Female",12.95,10.28,15.81
Stroke,Ambient and household air pollution attributable death rate (per 100 000 population),"Ethiopia,2016,Both sexes",12.17,10.5,13.88
Stroke,Ambient and household air pollution attributable death rate (per 100 000 population),"Ethiopia,2016,Male",11.14,9.5,12.79
Stroke,Ambient and household air pollution attributable death rate (per 100 000 population),"Ethiopia,2016,Female",13.2,11.38,15.07
Stroke,Ambient and household air pollution attributable death rate (per 100 000 population),"Fiji,2016,Both sexes",4.56,3.05,5.93
Stroke,Ambient and household air pollution attributable death rate (per 100 000 population),"Fiji,2016,Male",4.87,3.29,6.31
Stroke,Ambient and household air pollution attributable death rate (per 100 000 population),"Fiji,2016,Female",4.25,2.84,5.58
Stroke,Ambient and household air pollution attributable death rate (per 100 000 population),"Finland,2016,Both sexes",3.76,1.32,11.1
Stroke,Ambient and household air pollution attributable death rate (per 100 000 population),"Finland,2016,Male",3.22,1.44,7.94
Stroke,Ambient and household air pollution attributable death rate (per 100 000 population),"Finland,2016,Female",4.29,1.21,14.08
Stroke,Ambient and household air pollution attributable death rate (per 100 000 population),"France,2016,Both sexes",4.37,1.92,9.97
Stroke,Ambient and household air pollution attributable death rate (per 100 000 population),"France,2016,Male",3.71,1.97,7.51
Stroke,Ambient and household air pollution attributable death rate (per 100 000 population),"France,2016,Female",5.01,1.89,12.36
Stroke,Ambient and household air pollution attributable death rate (per 100 000 population),"Gabon,2016,Both sexes",8.12,5.86,11.54
Stroke,Ambient and household air pollution attributable death rate (per 100 000 population),"Gabon,2016,Male",6.95,5.11,9.78
Stroke,Ambient and household air pollution attributable death rate (per 100 000 population),"Gabon,2016,Female",9.35,6.65,13.42
Stroke,Ambient and household air pollution attributable death rate (per 100 000 population),"Gambia,2016,Both sexes",12.92,11.3,14.56
Stroke,Ambient and household air pollution attributable death rate (per 100 000 population),"Gambia,2016,Male",12.52,10.86,14.23
Stroke,Ambient and household air pollution attributable death rate (per 100 000 population),"Gambia,2016,Female",13.32,11.58,14.97
Stroke,Ambient and household air pollution attributable death rate (per 100 000 population),"Georgia,2016,Both sexes",49.33,32.53,71.96
Stroke,Ambient and household air pollution attributable death rate (per 100 000 population),"Georgia,2016,Male",48.54,34.01,67.74
Stroke,Ambient and household air pollution attributable death rate (per 100 000 population),"Georgia,2016,Female",50.06,31.47,75.36
Stroke,Ambient and household air pollution attributable death rate (per 100 000 population),"Germany,2016,Both sexes",5.93,2.79,12.87
Stroke,Ambient and household air pollution attributable death rate (per 100 000 population),"Germany,2016,Male",5.06,2.87,9.76
Stroke,Ambient and household air pollution attributable death rate (per 100 000 population),"Germany,2016,Female",6.77,2.74,16.01
Stroke,Ambient and household air pollution attributable death rate (per 100 000 population),"Ghana,2016,Both sexes",21.34,18.23,24.64
Stroke,Ambient and household air pollution attributable death rate (per 100 000 population),"Ghana,2016,Male",11.33,9.63,13.06
Stroke,Ambient and household air pollution attributable death rate (per 100 000 population),"Ghana,2016,Female",31.28,26.59,36.33
Stroke,Ambient and household air pollution attributable death rate (per 100 000 population),"Greece,2016,Both sexes",15.1,6.94,32.68
Stroke,Ambient and household air pollution attributable death rate (per 100 000 population),"Greece,2016,Male",12.62,6.67,25.48
Stroke,Ambient and household air pollution attributable death rate (per 100 000 population),"Greece,2016,Female",17.5,7.29,39.45
Stroke,Ambient and household air pollution attributable death rate (per 100 000 population),"Grenada,2016,Both sexes",7.89,5.23,11.99
Stroke,Ambient and household air pollution attributable death rate (per 100 000 population),"Grenada,2016,Male",7.25,5.09,10.29
Stroke,Ambient and household air pollution attributable death rate (per 100 000 population),"Grenada,2016,Female",8.53,5.24,13.51
Stroke,Ambient and household air pollution attributable death rate (per 100 000 population),"Guatemala,2016,Both sexes",6.05,4.83,7.43
Stroke,Ambient and household air pollution attributable death rate (per 100 000 population),"Guatemala,2016,Male",5.65,4.48,7.02
Stroke,Ambient and household air pollution attributable death rate (per 100 000 population),"Guatemala,2016,Female",6.44,5.12,7.88
Stroke,Ambient and household air pollution attributable death rate (per 100 000 population),"Guinea,2016,Both sexes",19.49,16.98,22.1
Stroke,Ambient and household air pollution attributable death rate (per 100 000 population),"Guinea,2016,Male",15.99,13.86,18.19
Stroke,Ambient and household air pollution attributable death rate (per 100 000 population),"Guinea,2016,Female",23.01,19.94,26.02
Stroke,Ambient and household air pollution attributable death rate (per 100 000 population),"Guinea-Bissau,2016,Both sexes",15.57,13.58,17.66
Stroke,Ambient and household air pollution attributable death rate (per 100 000 population),"Guinea-Bissau,2016,Male",13.1,11.32,14.97
Stroke,Ambient and household air pollution attributable death rate (per 100 000 population),"Guinea-Bissau,2016,Female",17.97,15.57,20.35
Stroke,Ambient and household air pollution attributable death rate (per 100 000 population),"Guyana,2016,Both sexes",18.43,14.06,23.08
Stroke,Ambient and household air pollution attributable death rate (per 100 000 population),"Guyana,2016,Male",16.99,12.92,21.41
Stroke,Ambient and household air pollution attributable death rate (per 100 000 population),"Guyana,2016,Female",19.9,15.06,25.29
Stroke,Ambient and household air pollution attributable death rate (per 100 000 population),"Haiti,2016,Both sexes",29.34,25.49,33.33
Stroke,Ambient and household air pollution attributable death rate (per 100 000 population),"Haiti,2016,Male",24.71,21.19,28.34
Stroke,Ambient and household air pollution attributable death rate (per 100 000 population),"Haiti,2016,Female",33.87,29.34,38.42
Stroke,Ambient and household air pollution attributable death rate (per 100 000 population),"Honduras,2016,Both sexes",4.9,3.87,6.05
Stroke,Ambient and household air pollution attributable death rate (per 100 000 population),"Honduras,2016,Male",5.84,4.61,7.22
Stroke,Ambient and household air pollution attributable death rate (per 100 000 population),"Honduras,2016,Female",3.95,3.11,4.91
Stroke,Ambient and household air pollution attributable death rate (per 100 000 population),"Hungary,2016,Both sexes",10.84,6.77,18.52
Stroke,Ambient and household air pollution attributable death rate (per 100 000 population),"Hungary,2016,Male",10.52,7.34,15.84
Stroke,Ambient and household air pollution attributable death rate (per 100 000 population),"Hungary,2016,Female",11.12,5.98,21.27
Stroke,Ambient and household air pollution attributable death rate (per 100 000 population),"Iceland,2016,Both sexes",2.38,0.83,7.34
Stroke,Ambient and household air pollution attributable death rate (per 100 000 population),"Iceland,2016,Male",2.15,0.89,6
Stroke,Ambient and household air pollution attributable death rate (per 100 000 population),"Iceland,2016,Female",2.61,0.75,8.68
Stroke,Ambient and household air pollution attributable death rate (per 100 000 population),"India,2016,Both sexes",19.11,15.51,23
Stroke,Ambient and household air pollution attributable death rate (per 100 000 population),"India,2016,Male",19.36,15.73,23.24
Stroke,Ambient and household air pollution attributable death rate (per 100 000 population),"India,2016,Female",18.85,15.14,22.68
Stroke,Ambient and household air pollution attributable death rate (per 100 000 population),"Indonesia,2016,Both sexes",23.33,17.68,29.66
Stroke,Ambient and household air pollution attributable death rate (per 100 000 population),"Indonesia,2016,Male",28.35,21.41,35.45
Stroke,Ambient and household air pollution attributable death rate (per 100 000 population),"Indonesia,2016,Female",18.24,13.54,23.88
Stroke,Ambient and household air pollution attributable death rate (per 100 000 population),"Iran (Islamic Republic of),2016,Both sexes",5.62,4.15,7.49
Stroke,Ambient and household air pollution attributable death rate (per 100 000 population),"Iran (Islamic Republic of),2016,Male",5.92,4.38,7.88
Stroke,Ambient and household air pollution attributable death rate (per 100 000 population),"Iran (Islamic Republic of),2016,Female",5.31,3.89,7.09
Stroke,Ambient and household air pollution attributable death rate (per 100 000 population),"Iraq,2016,Both sexes",5.56,4.57,6.82
Stroke,Ambient and household air pollution attributable death rate (per 100 000 population),"Iraq,2016,Male",5.11,4.24,6.18
Stroke,Ambient and household air pollution attributable death rate (per 100 000 population),"Iraq,2016,Female",6.03,4.87,7.64
Stroke,Ambient and household air pollution attributable death rate (per 100 000 population),"Ireland,2016,Both sexes",2.75,1.15,6.87
Stroke,Ambient and household air pollution attributable death rate (per 100 000 population),"Ireland,2016,Male",2.29,1.16,5.05
Stroke,Ambient and household air pollution attributable death rate (per 100 000 population),"Ireland,2016,Female",3.2,1.12,8.68
Stroke,Ambient and household air pollution attributable death rate (per 100 000 population),"Israel,2016,Both sexes",3.17,1.76,5.79
Stroke,Ambient and household air pollution attributable death rate (per 100 000 population),"Israel,2016,Male",3.02,1.88,5.09
Stroke,Ambient and household air pollution attributable death rate (per 100 000 population),"Israel,2016,Female",3.32,1.65,6.48
Stroke,Ambient and household air pollution attributable death rate (per 100 000 population),"Italy,2016,Both sexes",9.66,4.29,20.95
Stroke,Ambient and household air pollution attributable death rate (per 100 000 population),"Italy,2016,Male",7.93,4,15.87
Stroke,Ambient and household air pollution attributable death rate (per 100 000 population),"Italy,2016,Female",11.3,4.57,25.7
Stroke,Ambient and household air pollution attributable death rate (per 100 000 population),"Jamaica,2016,Both sexes",10.33,6.48,16.3
Stroke,Ambient and household air pollution attributable death rate (per 100 000 population),"Jamaica,2016,Male",9.22,6.01,14.03
Stroke,Ambient and household air pollution attributable death rate (per 100 000 population),"Jamaica,2016,Female",11.43,6.83,18.73
Stroke,Ambient and household air pollution attributable death rate (per 100 000 population),"Japan,2016,Both sexes",8.15,3.77,18.19
Stroke,Ambient and household air pollution attributable death rate (per 100 000 population),"Japan,2016,Male",7.81,4.41,15.17
Stroke,Ambient and household air pollution attributable death rate (per 100 000 population),"Japan,2016,Female",8.49,3.19,21.16
Stroke,Ambient and household air pollution attributable death rate (per 100 000 population),"Jordan,2016,Both sexes",4.83,3.73,6.27
Stroke,Ambient and household air pollution attributable death rate (per 100 000 population),"Jordan,2016,Male",4.73,3.67,6.09
Stroke,Ambient and household air pollution attributable death rate (per 100 000 population),"Jordan,2016,Female",4.93,3.8,6.48
Stroke,Ambient and household air pollution attributable death rate (per 100 000 population),"Kazakhstan,2016,Both sexes",11.28,7.42,17.26
Stroke,Ambient and household air pollution attributable death rate (per 100 000 population),"Kazakhstan,2016,Male",11.06,7.63,16.13
Stroke,Ambient and household air pollution attributable death rate (per 100 000 population),"Kazakhstan,2016,Female",11.49,6.97,19.32
Stroke,Ambient and household air pollution attributable death rate (per 100 000 population),"Kenya,2016,Both sexes",5.22,4.44,6.09
Stroke,Ambient and household air pollution attributable death rate (per 100 000 population),"Kenya,2016,Male",4.7,3.96,5.48
Stroke,Ambient and household air pollution attributable death rate (per 100 000 population),"Kenya,2016,Female",5.73,4.82,6.7
Stroke,Ambient and household air pollution attributable death rate (per 100 000 population),"Kiribati,2016,Both sexes",22.28,19.42,25.44
Stroke,Ambient and household air pollution attributable death rate (per 100 000 population),"Kiribati,2016,Male",27.44,23.61,31.56
Stroke,Ambient and household air pollution attributable death rate (per 100 000 population),"Kiribati,2016,Female",17.27,14.86,19.58
Stroke,Ambient and household air pollution attributable death rate (per 100 000 population),"Kuwait,2016,Both sexes",4.17,3.52,4.83
Stroke,Ambient and household air pollution attributable death rate (per 100 000 population),"Kuwait,2016,Male",4.87,4.13,5.63
Stroke,Ambient and household air pollution attributable death rate (per 100 000 population),"Kuwait,2016,Female",3.22,2.7,3.8
Stroke,Ambient and household air pollution attributable death rate (per 100 000 population),"Kyrgyzstan,2016,Both sexes",15.57,10.33,21.77
Stroke,Ambient and household air pollution attributable death rate (per 100 000 population),"Kyrgyzstan,2016,Male",16.54,11.33,22.66
Stroke,Ambient and household air pollution attributable death rate (per 100 000 population),"Kyrgyzstan,2016,Female",14.61,9.42,20.91
Stroke,Ambient and household air pollution attributable death rate (per 100 000 population),"Lao People's Democratic Republic,2016,Both sexes",26.49,22.56,30.37
Stroke,Ambient and household air pollution attributable death rate (per 100 000 population),"Lao People's Democratic Republic,2016,Male",24.71,20.98,28.45
Stroke,Ambient and household air pollution attributable death rate (per 100 000 population),"Lao People's Democratic Republic,2016,Female",28.26,24.15,32.61
Stroke,Ambient and household air pollution attributable death rate (per 100 000 population),"Latvia,2016,Both sexes",25.87,13.99,47.89
Stroke,Ambient and household air pollution attributable death rate (per 100 000 population),"Latvia,2016,Male",19.82,12.6,31.11
Stroke,Ambient and household air pollution attributable death rate (per 100 000 population),"Latvia,2016,Female",31.01,14.85,61.25
Stroke,Ambient and household air pollution attributable death rate (per 100 000 population),"Lebanon,2016,Both sexes",4.46,3.27,6.17
Stroke,Ambient and household air pollution attributable death rate (per 100 000 population),"Lebanon,2016,Male",1.86,1.46,2.41
Stroke,Ambient and household air pollution attributable death rate (per 100 000 population),"Lebanon,2016,Female",7.06,5.07,9.95
Stroke,Ambient and household air pollution attributable death rate (per 100 000 population),"Lesotho,2016,Both sexes",22.48,18.47,27.21
Stroke,Ambient and household air pollution attributable death rate (per 100 000 population),"Lesotho,2016,Male",16.47,13.43,19.88
Stroke,Ambient and household air pollution attributable death rate (per 100 000 population),"Lesotho,2016,Female",28.14,22.89,34.17
Stroke,Ambient and household air pollution attributable death rate (per 100 000 population),"Liberia,2016,Both sexes",12.58,10.84,14.31
Stroke,Ambient and household air pollution attributable death rate (per 100 000 population),"Liberia,2016,Male",10.62,9.1,12.17
Stroke,Ambient and household air pollution attributable death rate (per 100 000 population),"Liberia,2016,Female",14.58,12.44,16.66
Stroke,Ambient and household air pollution attributable death rate (per 100 000 population),"Libya,2016,Both sexes",6.05,4.87,7.48
Stroke,Ambient and household air pollution attributable death rate (per 100 000 population),"Libya,2016,Male",6.41,5.24,7.83
Stroke,Ambient and household air pollution attributable death rate (per 100 000 population),"Libya,2016,Female",5.69,4.52,7.18
Stroke,Ambient and household air pollution attributable death rate (per 100 000 population),"Lithuania,2016,Both sexes",16.4,8.71,33.03
Stroke,Ambient and household air pollution attributable death rate (per 100 000 population),"Lithuania,2016,Male",13.52,8.61,23.09
Stroke,Ambient and household air pollution attributable death rate (per 100 000 population),"Lithuania,2016,Female",18.87,8.33,42.2
Stroke,Ambient and household air pollution attributable death rate (per 100 000 population),"Luxembourg,2016,Both sexes",3.38,1.49,7.79
Stroke,Ambient and household air pollution attributable death rate (per 100 000 population),"Luxembourg,2016,Male",2.87,1.53,5.82
Stroke,Ambient and household air pollution attributable death rate (per 100 000 population),"Luxembourg,2016,Female",3.9,1.45,9.86
Stroke,Ambient and household air pollution attributable death rate (per 100 000 population),"Madagascar,2016,Both sexes",19.06,16.68,21.63
Stroke,Ambient and household air pollution attributable death rate (per 100 000 population),"Madagascar,2016,Male",16.13,13.95,18.3
Stroke,Ambient and household air pollution attributable death rate (per 100 000 population),"Madagascar,2016,Female",21.97,19.16,24.79
Stroke,Ambient and household air pollution attributable death rate (per 100 000 population),"Malawi,2016,Both sexes",6.99,5.88,8.12
Stroke,Ambient and household air pollution attributable death rate (per 100 000 population),"Malawi,2016,Male",5.93,5.01,6.88
Stroke,Ambient and household air pollution attributable death rate (per 100 000 population),"Malawi,2016,Female",8.04,6.76,9.42
Stroke,Ambient and household air pollution attributable death rate (per 100 000 population),"Malaysia,2016,Both sexes",5.26,3.59,8.49
Stroke,Ambient and household air pollution attributable death rate (per 100 000 population),"Malaysia,2016,Male",5.37,3.78,8.24
Stroke,Ambient and household air pollution attributable death rate (per 100 000 population),"Malaysia,2016,Female",5.15,3.36,8.73
Stroke,Ambient and household air pollution attributable death rate (per 100 000 population),"Maldives,2016,Both sexes",1.74,0.99,3.15
Stroke,Ambient and household air pollution attributable death rate (per 100 000 population),"Maldives,2016,Male",1.98,1.15,3.57
Stroke,Ambient and household air pollution attributable death rate (per 100 000 population),"Maldives,2016,Female",1.42,0.78,2.57
Stroke,Ambient and household air pollution attributable death rate (per 100 000 population),"Mali,2016,Both sexes",16.25,14.28,18.25
Stroke,Ambient and household air pollution attributable death rate (per 100 000 population),"Mali,2016,Male",11.71,10.17,13.3
Stroke,Ambient and household air pollution attributable death rate (per 100 000 population),"Mali,2016,Female",20.8,18.23,23.36
Stroke,Ambient and household air pollution attributable death rate (per 100 000 population),"Malta,2016,Both sexes",5.95,3.01,11.98
Stroke,Ambient and household air pollution attributable death rate (per 100 000 population),"Malta,2016,Male",5.26,3.05,9.56
Stroke,Ambient and household air pollution attributable death rate (per 100 000 population),"Malta,2016,Female",6.65,2.98,14.48
Stroke,Ambient and household air pollution attributable death rate (per 100 000 population),"Mauritania,2016,Both sexes",10.91,9.08,13.07
Stroke,Ambient and household air pollution attributable death rate (per 100 000 population),"Mauritania,2016,Male",8.51,7.03,10.12
Stroke,Ambient and household air pollution attributable death rate (per 100 000 population),"Mauritania,2016,Female",13.35,10.96,16
Stroke,Ambient and household air pollution attributable death rate (per 100 000 population),"Mauritius,2016,Both sexes",10.06,6.47,17.14
Stroke,Ambient and household air pollution attributable death rate (per 100 000 population),"Mauritius,2016,Male",11.04,7.46,18.59
Stroke,Ambient and household air pollution attributable death rate (per 100 000 population),"Mauritius,2016,Female",9.09,5.44,16.12
Stroke,Ambient and household air pollution attributable death rate (per 100 000 population),"Mexico,2016,Both sexes",4.43,3.24,6.09
Stroke,Ambient and household air pollution attributable death rate (per 100 000 population),"Mexico,2016,Male",4.33,3.25,5.77
Stroke,Ambient and household air pollution attributable death rate (per 100 000 population),"Mexico,2016,Female",4.53,3.25,6.26
Stroke,Ambient and household air pollution attributable death rate (per 100 000 population),"Micronesia (Federated States of),2016,Both sexes",21.04,17.15,24.8
Stroke,Ambient and household air pollution attributable death rate (per 100 000 population),"Micronesia (Federated States of),2016,Male",18.66,14.97,22.3
Stroke,Ambient and household air pollution attributable death rate (per 100 000 population),"Micronesia (Federated States of),2016,Female",23.53,18.82,27.68
Stroke,Ambient and household air pollution attributable death rate (per 100 000 population),"Mongolia,2016,Both sexes",33.76,28.2,39.5
Stroke,Ambient and household air pollution attributable death rate (per 100 000 population),"Mongolia,2016,Male",36.52,30.53,42.9
Stroke,Ambient and household air pollution attributable death rate (per 100 000 population),"Mongolia,2016,Female",31.07,25.81,36.44
Stroke,Ambient and household air pollution attributable death rate (per 100 000 population),"Montenegro,2016,Both sexes",49.15,31.55,71.14
Stroke,Ambient and household air pollution attributable death rate (per 100 000 population),"Montenegro,2016,Male",38.69,25.78,54.38
Stroke,Ambient and household air pollution attributable death rate (per 100 000 population),"Montenegro,2016,Female",59.33,36.78,87.16
Stroke,Ambient and household air pollution attributable death rate (per 100 000 population),"Morocco,2016,Both sexes",6.09,4.16,9.27
Stroke,Ambient and household air pollution attributable death rate (per 100 000 population),"Morocco,2016,Male",5.85,4.12,8.64
Stroke,Ambient and household air pollution attributable death rate (per 100 000 population),"Morocco,2016,Female",6.33,4.23,9.83
Stroke,Ambient and household air pollution attributable death rate (per 100 000 population),"Mozambique,2016,Both sexes",11.09,9.46,12.68
Stroke,Ambient and household air pollution attributable death rate (per 100 000 population),"Mozambique,2016,Male",9.34,7.97,10.79
Stroke,Ambient and household air pollution attributable death rate (per 100 000 population),"Mozambique,2016,Female",12.76,10.84,14.65
Stroke,Ambient and household air pollution attributable death rate (per 100 000 population),"Myanmar,2016,Both sexes",33.9,28.48,39.71
Stroke,Ambient and household air pollution attributable death rate (per 100 000 population),"Myanmar,2016,Male",34.58,29.04,40.62
Stroke,Ambient and household air pollution attributable death rate (per 100 000 population),"Myanmar,2016,Female",33.24,27.88,39.06
Stroke,Ambient and household air pollution attributable death rate (per 100 000 population),"Namibia,2016,Both sexes",12.61,10.21,15.66
Stroke,Ambient and household air pollution attributable death rate (per 100 000 population),"Namibia,2016,Male",10.39,8.38,12.93
Stroke,Ambient and household air pollution attributable death rate (per 100 000 population),"Namibia,2016,Female",14.71,11.85,18.29
Stroke,Ambient and household air pollution attributable death rate (per 100 000 population),"Nepal,2016,Both sexes",21.49,18.13,25.13
Stroke,Ambient and household air pollution attributable death rate (per 100 000 population),"Nepal,2016,Male",24.47,20.62,28.64
Stroke,Ambient and household air pollution attributable death rate (per 100 000 population),"Nepal,2016,Female",18.68,15.73,21.82
Stroke,Ambient and household air pollution attributable death rate (per 100 000 population),"Netherlands,2016,Both sexes",4.94,2.36,10.59
Stroke,Ambient and household air pollution attributable death rate (per 100 000 population),"Netherlands,2016,Male",4.16,2.34,8
Stroke,Ambient and household air pollution attributable death rate (per 100 000 population),"Netherlands,2016,Female",5.72,2.39,13.26
Stroke,Ambient and household air pollution attributable death rate (per 100 000 population),"New Zealand,2016,Both sexes",2.46,0.87,7.27
Stroke,Ambient and household air pollution attributable death rate (per 100 000 population),"New Zealand,2016,Male",1.99,0.83,5.26
Stroke,Ambient and household air pollution attributable death rate (per 100 000 population),"New Zealand,2016,Female",2.91,0.9,9.21
Stroke,Ambient and household air pollution attributable death rate (per 100 000 population),"Nicaragua,2016,Both sexes",6.42,5.19,7.64
Stroke,Ambient and household air pollution attributable death rate (per 100 000 population),"Nicaragua,2016,Male",6.04,4.88,7.26
Stroke,Ambient and household air pollution attributable death rate (per 100 000 population),"Nicaragua,2016,Female",6.79,5.43,8.14
Stroke,Ambient and household air pollution attributable death rate (per 100 000 population),"Niger,2016,Both sexes",15.6,13.72,17.57
Stroke,Ambient and household air pollution attributable death rate (per 100 000 population),"Niger,2016,Male",13.75,12.03,15.58
Stroke,Ambient and household air pollution attributable death rate (per 100 000 population),"Niger,2016,Female",17.46,15.25,19.66
Stroke,Ambient and household air pollution attributable death rate (per 100 000 population),"Nigeria,2016,Both sexes",15.42,13.58,17.4
Stroke,Ambient and household air pollution attributable death rate (per 100 000 population),"Nigeria,2016,Male",12.59,11.01,14.33
Stroke,Ambient and household air pollution attributable death rate (per 100 000 population),"Nigeria,2016,Female",18.33,16.05,20.63
Stroke,Ambient and household air pollution attributable death rate (per 100 000 population),"Norway,2016,Both sexes",3.06,1.09,8.83
Stroke,Ambient and household air pollution attributable death rate (per 100 000 population),"Norway,2016,Male",2.54,1.1,6.5
Stroke,Ambient and household air pollution attributable death rate (per 100 000 population),"Norway,2016,Female",3.59,1.07,11.14
Stroke,Ambient and household air pollution attributable death rate (per 100 000 population),"Oman,2016,Both sexes",2.77,2.18,4.29
Stroke,Ambient and household air pollution attributable death rate (per 100 000 population),"Oman,2016,Male",2.85,2.28,4.34
Stroke,Ambient and household air pollution attributable death rate (per 100 000 population),"Oman,2016,Female",2.6,1.98,4.19
Stroke,Ambient and household air pollution attributable death rate (per 100 000 population),"Pakistan,2016,Both sexes",19.86,16.4,23.48
Stroke,Ambient and household air pollution attributable death rate (per 100 000 population),"Pakistan,2016,Male",19.24,15.97,22.64
Stroke,Ambient and household air pollution attributable death rate (per 100 000 population),"Pakistan,2016,Female",20.53,16.83,24.46
Stroke,Ambient and household air pollution attributable death rate (per 100 000 population),"Panama,2016,Both sexes",5.11,3.23,8.13
Stroke,Ambient and household air pollution attributable death rate (per 100 000 population),"Panama,2016,Male",5.66,3.72,8.6
Stroke,Ambient and household air pollution attributable death rate (per 100 000 population),"Panama,2016,Female",4.57,2.69,7.63
Stroke,Ambient and household air pollution attributable death rate (per 100 000 population),"Papua New Guinea,2016,Both sexes",19.03,15.92,22.07
Stroke,Ambient and household air pollution attributable death rate (per 100 000 population),"Papua New Guinea,2016,Male",17.78,14.8,20.86
Stroke,Ambient and household air pollution attributable death rate (per 100 000 population),"Papua New Guinea,2016,Female",20.33,17.07,23.51
Stroke,Ambient and household air pollution attributable death rate (per 100 000 population),"Paraguay,2016,Both sexes",10.01,7.74,12.84
Stroke,Ambient and household air pollution attributable death rate (per 100 000 population),"Paraguay,2016,Male",9.22,7.14,11.7
Stroke,Ambient and household air pollution attributable death rate (per 100 000 population),"Paraguay,2016,Female",10.83,8.24,13.96
Stroke,Ambient and household air pollution attributable death rate (per 100 000 population),"Peru,2016,Both sexes",5.89,4.71,7.3
Stroke,Ambient and household air pollution attributable death rate (per 100 000 population),"Peru,2016,Male",5.9,4.7,7.27
Stroke,Ambient and household air pollution attributable death rate (per 100 000 population),"Peru,2016,Female",5.88,4.66,7.39
Stroke,Ambient and household air pollution attributable death rate (per 100 000 population),"Philippines,2016,Both sexes",24.54,19.11,29.74
Stroke,Ambient and household air pollution attributable death rate (per 100 000 population),"Philippines,2016,Male",27.17,21.01,32.92
Stroke,Ambient and household air pollution attributable death rate (per 100 000 population),"Philippines,2016,Female",21.88,16.97,26.83
Stroke,Ambient and household air pollution attributable death rate (per 100 000 population),"Poland,2016,Both sexes",9.77,6.34,15.81
Stroke,Ambient and household air pollution attributable death rate (per 100 000 population),"Poland,2016,Male",9.28,6.8,13.11
Stroke,Ambient and household air pollution attributable death rate (per 100 000 population),"Poland,2016,Female",10.22,5.72,18.53
Stroke,Ambient and household air pollution attributable death rate (per 100 000 population),"Portugal,2016,Both sexes",7.79,3.1,20.33
Stroke,Ambient and household air pollution attributable death rate (per 100 000 population),"Portugal,2016,Male",7.29,3.5,17.07
Stroke,Ambient and household air pollution attributable death rate (per 100 000 population),"Portugal,2016,Female",8.23,2.71,23.28
Stroke,Ambient and household air pollution attributable death rate (per 100 000 population),"Qatar,2016,Both sexes",1.4,1.22,1.62
Stroke,Ambient and household air pollution attributable death rate (per 100 000 population),"Qatar,2016,Male",1.47,1.28,1.71
Stroke,Ambient and household air pollution attributable death rate (per 100 000 population),"Qatar,2016,Female",1.2,1.01,1.43
Stroke,Ambient and household air pollution attributable death rate (per 100 000 population),"Republic of Korea,2016,Both sexes",7.09,4.72,11.15
Stroke,Ambient and household air pollution attributable death rate (per 100 000 population),"Republic of Korea,2016,Male",7.02,5.03,10.11
Stroke,Ambient and household air pollution attributable death rate (per 100 000 population),"Republic of Korea,2016,Female",7.15,4.16,12.66
Stroke,Ambient and household air pollution attributable death rate (per 100 000 population),"Republic of Moldova,2016,Both sexes",22.24,14.35,35.68
Stroke,Ambient and household air pollution attributable death rate (per 100 000 population),"Republic of Moldova,2016,Male",21.09,14.2,31.84
Stroke,Ambient and household air pollution attributable death rate (per 100 000 population),"Republic of Moldova,2016,Female",23.29,14.19,38.86
Stroke,Ambient and household air pollution attributable death rate (per 100 000 population),"The former Yugoslav Republic of Macedonia,2016,Both sexes",43.57,31.75,57.42
Stroke,Ambient and household air pollution attributable death rate (per 100 000 population),"The former Yugoslav Republic of Macedonia,2016,Male",40.95,30.18,53.31
Stroke,Ambient and household air pollution attributable death rate (per 100 000 population),"The former Yugoslav Republic of Macedonia,2016,Female",46.19,32.92,61.05
Stroke,Ambient and household air pollution attributable death rate (per 100 000 population),"Romania,2016,Both sexes",28.99,15.08,52.01
Stroke,Ambient and household air pollution attributable death rate (per 100 000 population),"Romania,2016,Male",27.03,15.22,47.55
Stroke,Ambient and household air pollution attributable death rate (per 100 000 population),"Romania,2016,Female",30.83,14.89,57.52
Stroke,Ambient and household air pollution attributable death rate (per 100 000 population),"Russian Federation,2016,Both sexes",21.33,13.28,35.71
Stroke,Ambient and household air pollution attributable death rate (per 100 000 population),"Russian Federation,2016,Male",18.89,13.29,27.06
Stroke,Ambient and household air pollution attributable death rate (per 100 000 population),"Russian Federation,2016,Female",23.45,13.09,43.36
Stroke,Ambient and household air pollution attributable death rate (per 100 000 population),"Rwanda,2016,Both sexes",9.62,8.32,10.95
Stroke,Ambient and household air pollution attributable death rate (per 100 000 population),"Rwanda,2016,Male",8.38,7.24,9.6
Stroke,Ambient and household air pollution attributable death rate (per 100 000 population),"Rwanda,2016,Female",10.81,9.29,12.36
Stroke,Ambient and household air pollution attributable death rate (per 100 000 population),"Saint Lucia,2016,Both sexes",11.02,7.5,16.79
Stroke,Ambient and household air pollution attributable death rate (per 100 000 population),"Saint Lucia,2016,Male",10.23,7.52,14.38
Stroke,Ambient and household air pollution attributable death rate (per 100 000 population),"Saint Lucia,2016,Female",11.78,7.35,19.19
Stroke,Ambient and household air pollution attributable death rate (per 100 000 population),"Saint Vincent and the Grenadines,2016,Both sexes",11.27,8.01,16.42
Stroke,Ambient and household air pollution attributable death rate (per 100 000 population),"Saint Vincent and the Grenadines,2016,Male",12.81,9.57,17.32
Stroke,Ambient and household air pollution attributable death rate (per 100 000 population),"Saint Vincent and the Grenadines,2016,Female",9.7,6.45,15.1
Stroke,Ambient and household air pollution attributable death rate (per 100 000 population),"Samoa,2016,Both sexes",13.72,10.32,17.25
Stroke,Ambient and household air pollution attributable death rate (per 100 000 population),"Samoa,2016,Male",15.04,11.46,18.88
Stroke,Ambient and household air pollution attributable death rate (per 100 000 population),"Samoa,2016,Female",12.32,9.02,15.7
Stroke,Ambient and household air pollution attributable death rate (per 100 000 population),"Sao Tome and Principe,2016,Both sexes",14.27,10.73,17.64
Stroke,Ambient and household air pollution attributable death rate (per 100 000 population),"Sao Tome and Principe,2016,Male",10.69,8.08,13.25
Stroke,Ambient and household air pollution attributable death rate (per 100 000 population),"Sao Tome and Principe,2016,Female",17.82,13.39,21.97
Stroke,Ambient and household air pollution attributable death rate (per 100 000 population),"Saudi Arabia,2016,Both sexes",7.02,5.6,10.03
Stroke,Ambient and household air pollution attributable death rate (per 100 000 population),"Saudi Arabia,2016,Male",7.19,5.82,9.93
Stroke,Ambient and household air pollution attributable death rate (per 100 000 population),"Saudi Arabia,2016,Female",6.78,5.24,9.93
Stroke,Ambient and household air pollution attributable death rate (per 100 000 population),"Senegal,2016,Both sexes",11.02,9.08,13.06
Stroke,Ambient and household air pollution attributable death rate (per 100 000 population),"Senegal,2016,Male",9.07,7.49,10.81
Stroke,Ambient and household air pollution attributable death rate (per 100 000 population),"Senegal,2016,Female",12.91,10.44,15.4
Stroke,Ambient and household air pollution attributable death rate (per 100 000 population),"Serbia,2016,Both sexes",27.82,16.99,41.43
Stroke,Ambient and household air pollution attributable death rate (per 100 000 population),"Serbia,2016,Male",25.52,16.16,36.74
Stroke,Ambient and household air pollution attributable death rate (per 100 000 population),"Serbia,2016,Female",30.01,17.43,45.89
Stroke,Ambient and household air pollution attributable death rate (per 100 000 population),"Seychelles,2016,Both sexes",8.89,5.78,18.55
Stroke,Ambient and household air pollution attributable death rate (per 100 000 population),"Seychelles,2016,Male",11.4,7.7,22.67
Stroke,Ambient and household air pollution attributable death rate (per 100 000 population),"Seychelles,2016,Female",6.43,3.79,14.65
Stroke,Ambient and household air pollution attributable death rate (per 100 000 population),"Sierra Leone,2016,Both sexes",23.99,21.25,26.81
Stroke,Ambient and household air pollution attributable death rate (per 100 000 population),"Sierra Leone,2016,Male",20.11,17.51,22.67
Stroke,Ambient and household air pollution attributable death rate (per 100 000 population),"Sierra Leone,2016,Female",27.81,24.45,31
Stroke,Ambient and household air pollution attributable death rate (per 100 000 population),"Singapore,2016,Both sexes",4.17,2.74,6.75
Stroke,Ambient and household air pollution attributable death rate (per 100 000 population),"Singapore,2016,Male",4.05,2.95,5.82
Stroke,Ambient and household air pollution attributable death rate (per 100 000 population),"Singapore,2016,Female",4.28,2.49,7.69
Stroke,Ambient and household air pollution attributable death rate (per 100 000 population),"Slovakia,2016,Both sexes",9.42,6.15,15.77
Stroke,Ambient and household air pollution attributable death rate (per 100 000 population),"Slovakia,2016,Male",9.38,6.57,13.89
Stroke,Ambient and household air pollution attributable death rate (per 100 000 population),"Slovakia,2016,Female",9.45,5.34,17.44
Stroke,Ambient and household air pollution attributable death rate (per 100 000 population),"Slovenia,2016,Both sexes",10.51,5.59,19.58
Stroke,Ambient and household air pollution attributable death rate (per 100 000 population),"Slovenia,2016,Male",8.59,5.24,14.31
Stroke,Ambient and household air pollution attributable death rate (per 100 000 population),"Slovenia,2016,Female",12.4,5.9,25.03
Stroke,Ambient and household air pollution attributable death rate (per 100 000 population),"Solomon Islands,2016,Both sexes",15.78,13.37,18.32
Stroke,Ambient and household air pollution attributable death rate (per 100 000 population),"Solomon Islands,2016,Male",15.84,13.21,18.69
Stroke,Ambient and household air pollution attributable death rate (per 100 000 population),"Solomon Islands,2016,Female",15.72,13.38,18.18
Stroke,Ambient and household air pollution attributable death rate (per 100 000 population),"Somalia,2016,Both sexes",14.39,12.69,16.23
Stroke,Ambient and household air pollution attributable death rate (per 100 000 population),"Somalia,2016,Male",12.95,11.24,14.7
Stroke,Ambient and household air pollution attributable death rate (per 100 000 population),"Somalia,2016,Female",15.81,13.87,17.75
Stroke,Ambient and household air pollution attributable death rate (per 100 000 population),"South Africa,2016,Both sexes",9.93,7.87,12.3
Stroke,Ambient and household air pollution attributable death rate (per 100 000 population),"South Africa,2016,Male",9.97,7.85,12.17
Stroke,Ambient and household air pollution attributable death rate (per 100 000 population),"South Africa,2016,Female",9.89,7.68,12.53
Stroke,Ambient and household air pollution attributable death rate (per 100 000 population),"South Sudan,2016,Both sexes",13.46,11.73,15.21
Stroke,Ambient and household air pollution attributable death rate (per 100 000 population),"South Sudan,2016,Male",11.3,9.77,12.83
Stroke,Ambient and household air pollution attributable death rate (per 100 000 population),"South Sudan,2016,Female",15.63,13.53,17.7
Stroke,Ambient and household air pollution attributable death rate (per 100 000 population),"Spain,2016,Both sexes",4.65,1.85,11.49
Stroke,Ambient and household air pollution attributable death rate (per 100 000 population),"Spain,2016,Male",4.03,1.95,8.92
Stroke,Ambient and household air pollution attributable death rate (per 100 000 population),"Spain,2016,Female",5.25,1.79,13.95
Stroke,Ambient and household air pollution attributable death rate (per 100 000 population),"Sri Lanka,2016,Both sexes",16.63,12.62,20.75
Stroke,Ambient and household air pollution attributable death rate (per 100 000 population),"Sri Lanka,2016,Male",17.97,13.83,22.22
Stroke,Ambient and household air pollution attributable death rate (per 100 000 population),"Sri Lanka,2016,Female",15.39,11.48,19.51
Stroke,Ambient and household air pollution attributable death rate (per 100 000 population),"Sudan,2016,Both sexes",17.05,14.49,19.81
Stroke,Ambient and household air pollution attributable death rate (per 100 000 population),"Sudan,2016,Male",14.65,12.3,17.11
Stroke,Ambient and household air pollution attributable death rate (per 100 000 population),"Sudan,2016,Female",19.46,16.54,22.53
Stroke,Ambient and household air pollution attributable death rate (per 100 000 population),"Suriname,2016,Both sexes",14.03,10.76,18.03
Stroke,Ambient and household air pollution attributable death rate (per 100 000 population),"Suriname,2016,Male",15.03,11.82,19.07
Stroke,Ambient and household air pollution attributable death rate (per 100 000 population),"Suriname,2016,Female",13.01,9.7,17.27
Stroke,Ambient and household air pollution attributable death rate (per 100 000 population),"Sweden,2016,Both sexes",3.17,1.01,9.84
Stroke,Ambient and household air pollution attributable death rate (per 100 000 population),"Sweden,2016,Male",2.8,1.07,7.8
Stroke,Ambient and household air pollution attributable death rate (per 100 000 population),"Sweden,2016,Female",3.54,0.93,11.89
Stroke,Ambient and household air pollution attributable death rate (per 100 000 population),"Switzerland,2016,Both sexes",3.42,1.38,8.34
Stroke,Ambient and household air pollution attributable death rate (per 100 000 population),"Switzerland,2016,Male",2.78,1.31,6.21
Stroke,Ambient and household air pollution attributable death rate (per 100 000 population),"Switzerland,2016,Female",4.06,1.49,10.4
Stroke,Ambient and household air pollution attributable death rate (per 100 000 population),"Syrian Arab Republic,2016,Both sexes",5.03,4.09,6.15
Stroke,Ambient and household air pollution attributable death rate (per 100 000 population),"Syrian Arab Republic,2016,Male",5.39,4.47,6.45
Stroke,Ambient and household air pollution attributable death rate (per 100 000 population),"Syrian Arab Republic,2016,Female",4.65,3.7,5.82
Stroke,Ambient and household air pollution attributable death rate (per 100 000 population),"Tajikistan,2016,Both sexes",13.95,10.14,18.65
Stroke,Ambient and household air pollution attributable death rate (per 100 000 population),"Tajikistan,2016,Male",13.73,10.13,18.26
Stroke,Ambient and household air pollution attributable death rate (per 100 000 population),"Tajikistan,2016,Female",14.17,10.19,19.09
Stroke,Ambient and household air pollution attributable death rate (per 100 000 population),"Thailand,2016,Both sexes",14.21,10.38,18.95
Stroke,Ambient and household air pollution attributable death rate (per 100 000 population),"Thailand,2016,Male",16.87,12.68,22.2
Stroke,Ambient and household air pollution attributable death rate (per 100 000 population),"Thailand,2016,Female",11.67,8.16,16.21
Stroke,Ambient and household air pollution attributable death rate (per 100 000 population),"Timor-Leste,2016,Both sexes",12.77,10.73,14.7
Stroke,Ambient and household air pollution attributable death rate (per 100 000 population),"Timor-Leste,2016,Male",13.2,11.21,15.29
Stroke,Ambient and household air pollution attributable death rate (per 100 000 population),"Timor-Leste,2016,Female",12.32,10.17,14.42
Stroke,Ambient and household air pollution attributable death rate (per 100 000 population),"Togo,2016,Both sexes",18,15.74,20.29
Stroke,Ambient and household air pollution attributable death rate (per 100 000 population),"Togo,2016,Male",16.25,13.98,18.45
Stroke,Ambient and household air pollution attributable death rate (per 100 000 population),"Togo,2016,Female",19.74,17.22,22.22
Stroke,Ambient and household air pollution attributable death rate (per 100 000 population),"Tonga,2016,Both sexes",8.74,5.79,11.92
Stroke,Ambient and household air pollution attributable death rate (per 100 000 population),"Tonga,2016,Male",8.12,5.49,10.81
Stroke,Ambient and household air pollution attributable death rate (per 100 000 population),"Tonga,2016,Female",9.36,6.08,13.18
Stroke,Ambient and household air pollution attributable death rate (per 100 000 population),"Trinidad and Tobago,2016,Both sexes",9.78,6.99,14.17
Stroke,Ambient and household air pollution attributable death rate (per 100 000 population),"Trinidad and Tobago,2016,Male",9.59,7.27,12.82
Stroke,Ambient and household air pollution attributable death rate (per 100 000 population),"Trinidad and Tobago,2016,Female",9.96,6.51,15.7
Stroke,Ambient and household air pollution attributable death rate (per 100 000 population),"Tunisia,2016,Both sexes",9.35,6.97,12.66
Stroke,Ambient and household air pollution attributable death rate (per 100 000 population),"Tunisia,2016,Male",10.64,8.08,14.16
Stroke,Ambient and household air pollution attributable death rate (per 100 000 population),"Tunisia,2016,Female",8.1,5.89,11.36
Stroke,Ambient and household air pollution attributable death rate (per 100 000 population),"Turkey,2016,Both sexes",6.31,4.85,8.25
Stroke,Ambient and household air pollution attributable death rate (per 100 000 population),"Turkey,2016,Male",6.68,5.24,8.52
Stroke,Ambient and household air pollution attributable death rate (per 100 000 population),"Turkey,2016,Female",5.96,4.43,8.07
Stroke,Ambient and household air pollution attributable death rate (per 100 000 population),"Turkmenistan,2016,Both sexes",10.32,7.96,12.92
Stroke,Ambient and household air pollution attributable death rate (per 100 000 population),"Turkmenistan,2016,Male",11.43,8.82,14.18
Stroke,Ambient and household air pollution attributable death rate (per 100 000 population),"Turkmenistan,2016,Female",9.25,7.12,11.9
Stroke,Ambient and household air pollution attributable death rate (per 100 000 population),"Uganda,2016,Both sexes",9.6,8.47,10.83
Stroke,Ambient and household air pollution attributable death rate (per 100 000 population),"Uganda,2016,Male",7.84,6.82,8.85
Stroke,Ambient and household air pollution attributable death rate (per 100 000 population),"Uganda,2016,Female",11.35,9.92,12.81
Stroke,Ambient and household air pollution attributable death rate (per 100 000 population),"Ukraine,2016,Both sexes",21.74,14.75,32.12
Stroke,Ambient and household air pollution attributable death rate (per 100 000 population),"Ukraine,2016,Male",20.07,14.66,27.37
Stroke,Ambient and household air pollution attributable death rate (per 100 000 population),"Ukraine,2016,Female",23.18,14.64,36.8
Stroke,Ambient and household air pollution attributable death rate (per 100 000 population),"United Arab Emirates,2016,Both sexes",3.29,2.73,4.05
Stroke,Ambient and household air pollution attributable death rate (per 100 000 population),"United Arab Emirates,2016,Male",3.43,2.85,4.24
Stroke,Ambient and household air pollution attributable death rate (per 100 000 population),"United Arab Emirates,2016,Female",2.89,2.39,3.62
Stroke,Ambient and household air pollution attributable death rate (per 100 000 population),"United Kingdom of Great Britain and Northern Ireland,2016,Both sexes",4.62,2.06,10.57
Stroke,Ambient and household air pollution attributable death rate (per 100 000 population),"United Kingdom of Great Britain and Northern Ireland,2016,Male",3.92,2.03,8.21
Stroke,Ambient and household air pollution attributable death rate (per 100 000 population),"United Kingdom of Great Britain and Northern Ireland,2016,Female",5.3,2.1,12.91
Stroke,Ambient and household air pollution attributable death rate (per 100 000 population),"United Republic of Tanzania,2016,Both sexes",8.97,7.81,10.21
Stroke,Ambient and household air pollution attributable death rate (per 100 000 population),"United Republic of Tanzania,2016,Male",7.67,6.56,8.83
Stroke,Ambient and household air pollution attributable death rate (per 100 000 population),"United Republic of Tanzania,2016,Female",10.24,8.9,11.58
Stroke,Ambient and household air pollution attributable death rate (per 100 000 population),"United States of America,2016,Both sexes",2.92,1.42,6.96
Stroke,Ambient and household air pollution attributable death rate (per 100 000 population),"United States of America,2016,Male",2.55,1.4,5.32
Stroke,Ambient and household air pollution attributable death rate (per 100 000 population),"United States of America,2016,Female",3.29,1.39,8.62
Stroke,Ambient and household air pollution attributable death rate (per 100 000 population),"Uruguay,2016,Both sexes",6.42,3.42,13.26
Stroke,Ambient and household air pollution attributable death rate (per 100 000 population),"Uruguay,2016,Male",5.44,3.26,10.04
Stroke,Ambient and household air pollution attributable death rate (per 100 000 population),"Uruguay,2016,Female",7.34,3.54,16.53
Stroke,Ambient and household air pollution attributable death rate (per 100 000 population),"Uzbekistan,2016,Both sexes",8.56,6.34,11.35
Stroke,Ambient and household air pollution attributable death rate (per 100 000 population),"Uzbekistan,2016,Male",9.19,6.93,12
Stroke,Ambient and household air pollution attributable death rate (per 100 000 population),"Uzbekistan,2016,Female",7.93,5.7,10.81
Stroke,Ambient and household air pollution attributable death rate (per 100 000 population),"Vanuatu,2016,Both sexes",16.67,14.09,19.43
Stroke,Ambient and household air pollution attributable death rate (per 100 000 population),"Vanuatu,2016,Male",17.07,14.13,20.15
Stroke,Ambient and household air pollution attributable death rate (per 100 000 population),"Vanuatu,2016,Female",16.27,13.82,18.96
Stroke,Ambient and household air pollution attributable death rate (per 100 000 population),"Venezuela (Bolivarian Republic of),2016,Both sexes",4.96,3.46,7.65
Stroke,Ambient and household air pollution attributable death rate (per 100 000 population),"Venezuela (Bolivarian Republic of),2016,Male",5.19,3.78,7.48
Stroke,Ambient and household air pollution attributable death rate (per 100 000 population),"Venezuela (Bolivarian Republic of),2016,Female",4.73,3.09,7.81
Stroke,Ambient and household air pollution attributable death rate (per 100 000 population),"Viet Nam,2016,Both sexes",20.15,15.86,25.05
Stroke,Ambient and household air pollution attributable death rate (per 100 000 population),"Viet Nam,2016,Male",25.1,20.2,30.63
Stroke,Ambient and household air pollution attributable death rate (per 100 000 population),"Viet Nam,2016,Female",15.29,11.23,20.28
Stroke,Ambient and household air pollution attributable death rate (per 100 000 population),"Yemen,2016,Both sexes",15.65,12.93,18.6
Stroke,Ambient and household air pollution attributable death rate (per 100 000 population),"Yemen,2016,Male",13.49,11.09,16.12
Stroke,Ambient and household air pollution attributable death rate (per 100 000 population),"Yemen,2016,Female",17.85,14.79,21.26
Stroke,Ambient and household air pollution attributable death rate (per 100 000 population),"Zambia,2016,Both sexes",7.62,6.58,8.69
Stroke,Ambient and household air pollution attributable death rate (per 100 000 population),"Zambia,2016,Male",6.1,5.23,6.98
Stroke,Ambient and household air pollution attributable death rate (per 100 000 population),"Zambia,2016,Female",9.11,7.79,10.45
Stroke,Ambient and household air pollution attributable death rate (per 100 000 population),"Zimbabwe,2016,Both sexes",8.27,7.07,9.64
Stroke,Ambient and household air pollution attributable death rate (per 100 000 population),"Zimbabwe,2016,Male",6.17,5.26,7.21
Stroke,Ambient and household air pollution attributable death rate (per 100 000 population),"Zimbabwe,2016,Female",10.27,8.7,12
